3D Printing & Additive Manufacturing|https://en.wikipedia.org/wiki/3D_printing
Advanced Battery Technologies|https://en.wikipedia.org/wiki/Advanced_Battery_Technologies
Advanced Nuclear Energy|https://nuclearnh.energy
Advanced Regenerative Manufacturing|https://www.armiusa.org/
Advanced Robotics|https://robotnik.eu/what-is-advanced-robotics-advanced-industrial-robotics/
Advanced Space Technologies|https://en.wikipedia.org/wiki/NASA_Advanced_Space_Transportation_Program
Air Mobility (Flying Cars & eVTOLs)|https://www.faa.gov/air-taxis
Artificial Intelligence (AI)|https://en.wikipedia.org/wiki/A.I._Artificial_Intelligence
Augmented Reality (AR)|https://en.wikipedia.org/wiki/Augmented_reality
Autonomous Vehicles and Drones|https://en.wikipedia.org/wiki/Vehicular_automation
Blockchain Technologies|https://en.wikipedia.org/wiki/Blockchain
Decentralized Finance (DeFi)|https://en.wikipedia.org/wiki/Decentralized_finance
Decentralized Physical Infrastructure Networks (DePIN)|https://en.wikipedia.org/wiki/Decentralized_physical_infrastructure_network
Digital Twins and Simulation Technology|https://en.wikipedia.org/wiki/Digital_twin
Distributed Ledger Technology (DLT)|https://en.wikipedia.org/wiki/Distributed_ledger
Edge Computing|https://en.wikipedia.org/wiki/Edge_computing
Emerging Medical Technologies|https://gencourt.state.nh.us/statstudcomm/details.aspx?id=1660
Internet of Things (IoT)|https://en.wikipedia.org/wiki/Internet_of_things
Machine Learning (ML)|https://en.wikipedia.org/wiki/Machine_learning
Nanotechnology|https://en.wikipedia.org/wiki/Nanotechnology
Quantum Computing|https://en.wikipedia.org/wiki/Quantum_computing
Smart Cities and Infrastructure|https://en.wikipedia.org/wiki/Smart_city
Smart Farming Technologies|https://www.cropin.com/smart-farming
Smart Grid Technologies|https://en.wikipedia.org/wiki/Smart_grid
Tokenization of Real-World Assets (RWAs)|https://www.nasdaq.com/articles/tokenizing-tomorrow-building-an-inclusive-economy-with-real-world-asset-rwa-tokenization
Virtual Reality (VR)|https://en.wikipedia.org/wiki/Virtual_reality